Workbook

Sheet Assumptions
A1: Parameter | B1: Value | C1: Source
A2: Average daily active users | B2: =57609/114 -> 505.34211 | C2: Dataset - theo bộ lọc phiên
A3: Sessions per active user per day | B3: =88495/57609 -> 1.5361315 | C3: Dataset - phiên ước lượng
A4: Interstitial eCPM (USD) | B4: 3 | C4: Giả định mô phỏng - không phải dữ liệu thực tế
A5: Rewarded eCPM (USD) | B5: 8 | C5: Giả định mô phỏng - không phải dữ liệu thực tế
A6: Fill rate | B6: 0.9 | C6: Giả định mô phỏng - không phải dữ liệu thực tế
A7: Show rate | B7: 0.95 | C7: Giả định mô phỏng - không phải dữ liệu thực tế

Sheet Scenarios
A1: Scenario | B1: Interstitial requests/session | C1: Rewarded requests/session | D1: Description | E1: Mức giảm hoạt động tương đối mỗi ngày tuổi
A2: A - Baseline | B2: 0 | C2: 0.3 | D2: Chỉ quảng cáo thưởng tự nguyện | E2: 0
A3: B - Light | B3: 1 | C3: 0.5 | D3: Quảng cáo xen kẽ ở tần suất thấp | E3: 0.01
A4: C - Aggressive | B4: 3 | C4: 0.8 | D4: Quảng cáo xen kẽ ở tần suất cao | E4: 0.04
A5: D - Mixed | B5: 1.5 | C5: 0.7 | D5: Kịch bản tần suất trung gian để so sánh | E5: 0.02
A7: Tất cả tần suất quảng cáo là giả định mô phỏng, không được tính từ dữ liệu Flood-It.

Sheet Model
A1: Scenario | B1: Sessions/day | C1: Interstitial requests/session | D1: Rewarded requests/session | E1: Interstitial impressions/day | F1: Rewarded impressions/day | G1: Interstitial revenue USD/day | H1: Rewarded revenue USD/day | I1: Total revenue USD/day | J1: Ad ARPDAU USD
A2: =Scenarios!A2 -> A - Baseline | B2: =Assumptions!$B$2*Assumptions!$B$3 -> 776.27193 | C2: =Scenarios!B2 -> 0 | D2: =Scenarios!C2 -> 0.3 | E2: =B2*C2*Assumptions!$B$6*Assumptions!$B$7 -> 0 | F2: =B2*D2*Assumptions!$B$6*Assumptions!$B$7 -> 199.11375 | G2: =E2*Assumptions!$B$4/1000 -> 0 | H2: =F2*Assumptions!$B$5/1000 -> 1.59291 | I2: =G2+H2 -> 1.59291 | J2: =I2/Assumptions!$B$2 -> 0.0031521419
A3: =Scenarios!A3 -> B - Light | B3: =Assumptions!$B$2*Assumptions!$B$3 -> 776.27193 | C3: =Scenarios!B3 -> 1 | D3: =Scenarios!C3 -> 0.5 | E3: =B3*C3*Assumptions!$B$6*Assumptions!$B$7 -> 663.7125 | F3: =B3*D3*Assumptions!$B$6*Assumptions!$B$7 -> 331.85625 | G3: =E3*Assumptions!$B$4/1000 -> 1.9911375 | H3: =F3*Assumptions!$B$5/1000 -> 2.65485 | I3: =G3+H3 -> 4.6459875 | J3: =I3/Assumptions!$B$2 -> 0.0091937471
A4: =Scenarios!A4 -> C - Aggressive | B4: =Assumptions!$B$2*Assumptions!$B$3 -> 776.27193 | C4: =Scenarios!B4 -> 3 | D4: =Scenarios!C4 -> 0.8 | E4: =B4*C4*Assumptions!$B$6*Assumptions!$B$7 -> 1991.1375 | F4: =B4*D4*Assumptions!$B$6*Assumptions!$B$7 -> 530.97 | G4: =E4*Assumptions!$B$4/1000 -> 5.9734125 | H4: =F4*Assumptions!$B$5/1000 -> 4.24776 | I4: =G4+H4 -> 10.221172 | J4: =I4/Assumptions!$B$2 -> 0.020226244
A5: =Scenarios!A5 -> D - Mixed | B5: =Assumptions!$B$2*Assumptions!$B$3 -> 776.27193 | C5: =Scenarios!B5 -> 1.5 | D5: =Scenarios!C5 -> 0.7 | E5: =B5*C5*Assumptions!$B$6*Assumptions!$B$7 -> 995.56875 | F5: =B5*D5*Assumptions!$B$6*Assumptions!$B$7 -> 464.59875 | G5: =E5*Assumptions!$B$4/1000 -> 2.9867063 | H5: =F5*Assumptions!$B$5/1000 -> 3.71679 | I5: =G5+H5 -> 6.7034962 | J5: =I5/Assumptions!$B$2 -> 0.013265264
A7: Doanh thu mô phỏng với DAU và số phiên giữ nguyên giữa các kịch bản; chưa tính tác động quảng cáo đến hành vi và retention.

Sheet Retention
A1: Day | B1: Cohort users | C1: Active users | D1: Activity rate | E1: A revenue USD | F1: B revenue USD | G1: C revenue USD | H1: D revenue USD | J1: Số người dùng mới mô phỏng | L1: A activity adjusted | M1: B activity adjusted | N1: C activity adjusted | O1: D activity adjusted | P1: A adjusted revenue USD | Q1: B adjusted revenue USD | R1: C adjusted revenue USD | S1: D adjusted revenue USD | U1: A revenue impact x2 | V1: B revenue impact x2 | W1: C revenue impact x2 | X1: D revenue impact x2
A2: 0 | B2: 3008 | C2: 3008 | D2: =C2/B2 -> 1 | E2: =$J$2*$D2*Model!$J$2 -> 3.1521419 | F2: =$J$2*$D2*Model!$J$3 -> 9.1937471 | G2: =$J$2*$D2*Model!$J$4 -> 20.226244 | H2: =$J$2*$D2*Model!$J$5 -> 13.265264 | J2: 1000 | L2: =$D2*(1-Scenarios!$E$2)^$A2 -> 1 | M2: =$D2*(1-Scenarios!$E$3)^$A2 -> 1 | N2: =$D2*(1-Scenarios!$E$4)^$A2 -> 1 | O2: =$D2*(1-Scenarios!$E$5)^$A2 -> 1 | P2: =$J$2*L2*Model!$J$2 -> 3.1521419 | Q2: =$J$2*M2*Model!$J$3 -> 9.1937471 | R2: =$J$2*N2*Model!$J$4 -> 20.226244 | S2: =$J$2*O2*Model!$J$5 -> 13.265264 | U2: =$J$2*$D2*(1-2*Scenarios!$E$2)^$A2*Model!$J$2 -> 3.1521419 | V2: =$J$2*$D2*(1-2*Scenarios!$E$3)^$A2*Model!$J$3 -> 9.1937471 | W2: =$J$2*$D2*(1-2*Scenarios!$E$4)^$A2*Model!$J$4 -> 20.226244 | X2: =$J$2*$D2*(1-2*Scenarios!$E$5)^$A2*Model!$J$5 -> 13.265264
A3: 1 | B3: 3008 | C3: 661 | D3: =C3/B3 -> 0.21974734 | E3: =$J$2*$D3*Model!$J$2 -> 0.69267479 | F3: =$J$2*$D3*Model!$J$3 -> 2.0203015 | G3: =$J$2*$D3*Model!$J$4 -> 4.4446632 | H3: =$J$2*$D3*Model!$J$5 -> 2.9150064 | L3: =$D3*(1-Scenarios!$E$2)^$A3 -> 0.21974734 | M3: =$D3*(1-Scenarios!$E$3)^$A3 -> 0.21754987 | N3: =$D3*(1-Scenarios!$E$4)^$A3 -> 0.21095745 | O3: =$D3*(1-Scenarios!$E$5)^$A3 -> 0.21535239 | P3: =$J$2*L3*Model!$J$2 -> 0.69267479 | Q3: =$J$2*M3*Model!$J$3 -> 2.0000985 | R3: =$J$2*N3*Model!$J$4 -> 4.2668767 | S3: =$J$2*O3*Model!$J$5 -> 2.8567063 | U3: =$J$2*$D3*(1-2*Scenarios!$E$2)^$A3*Model!$J$2 -> 0.69267479 | V3: =$J$2*$D3*(1-2*Scenarios!$E$3)^$A3*Model!$J$3 -> 1.9798954 | W3: =$J$2*$D3*(1-2*Scenarios!$E$4)^$A3*Model!$J$4 -> 4.0890902 | X3: =$J$2*$D3*(1-2*Scenarios!$E$5)^$A3*Model!$J$5 -> 2.7984061
A4: 2 | B4: 3008 | C4: 434 | D4: =C4/B4 -> 0.14428191 | E4: =$J$2*$D4*Model!$J$2 -> 0.45479706 | F4: =$J$2*$D4*Model!$J$3 -> 1.3264914 | G4: =$J$2*$D4*Model!$J$4 -> 2.9182812 | H4: =$J$2*$D4*Model!$J$5 -> 1.9139376 | L4: =$D4*(1-Scenarios!$E$2)^$A4 -> 0.14428191 | M4: =$D4*(1-Scenarios!$E$3)^$A4 -> 0.1414107 | N4: =$D4*(1-Scenarios!$E$4)^$A4 -> 0.13297021 | O4: =$D4*(1-Scenarios!$E$5)^$A4 -> 0.13856835 | P4: =$J$2*L4*Model!$J$2 -> 0.45479706 | Q4: =$J$2*M4*Model!$J$3 -> 1.3000943 | R4: =$J$2*N4*Model!$J$4 -> 2.6894879 | S4: =$J$2*O4*Model!$J$5 -> 1.8381457 | U4: =$J$2*$D4*(1-2*Scenarios!$E$2)^$A4*Model!$J$2 -> 0.45479706 | V4: =$J$2*$D4*(1-2*Scenarios!$E$3)^$A4*Model!$J$3 -> 1.2739624 | W4: =$J$2*$D4*(1-2*Scenarios!$E$4)^$A4*Model!$J$4 -> 2.4700332 | X4: =$J$2*$D4*(1-2*Scenarios!$E$5)^$A4*Model!$J$5 -> 1.7638849
A5: 3 | B5: 3008 | C5: 313 | D5: =C5/B5 -> 0.10405585 | E5: =$J$2*$D5*Model!$J$2 -> 0.3279988 | F5: =$J$2*$D5*Model!$J$3 -> 0.95666318 | G5: =$J$2*$D5*Model!$J$4 -> 2.104659 | H5: =$J$2*$D5*Model!$J$5 -> 1.3803283 | L5: =$D5*(1-Scenarios!$E$2)^$A5 -> 0.10405585 | M5: =$D5*(1-Scenarios!$E$3)^$A5 -> 0.10096529 | N5: =$D5*(1-Scenarios!$E$4)^$A5 -> 0.092061957 | O5: =$D5*(1-Scenarios!$E$5)^$A5 -> 0.097936535 | P5: =$J$2*L5*Model!$J$2 -> 0.3279988 | Q5: =$J$2*M5*Model!$J$3 -> 0.92824932 | R5: =$J$2*N5*Model!$J$4 -> 1.8620676 | S5: =$J$2*O5*Model!$J$5 -> 1.299154 | U5: =$J$2*$D5*(1-2*Scenarios!$E$2)^$A5*Model!$J$2 -> 0.3279988 | V5: =$J$2*$D5*(1-2*Scenarios!$E$3)^$A5*Model!$J$3 -> 0.90040373 | W5: =$J$2*$D5*(1-2*Scenarios!$E$4)^$A5*Model!$J$4 -> 1.6388727 | X5: =$J$2*$D5*(1-2*Scenarios!$E$5)^$A5*Model!$J$5 -> 1.2212261
A6: 4 | B6: 3008 | C6: 239 | D6: =C6/B6 -> 0.079454787 | E6: =$J$2*$D6*Model!$J$2 -> 0.25045276 | F6: =$J$2*$D6*Model!$J$3 -> 0.73048722 | G6: =$J$2*$D6*Model!$J$4 -> 1.6070719 | H6: =$J$2*$D6*Model!$J$5 -> 1.0539887 | L6: =$D6*(1-Scenarios!$E$2)^$A6 -> 0.079454787 | M6: =$D6*(1-Scenarios!$E$3)^$A6 -> 0.076323952 | N6: =$D6*(1-Scenarios!$E$4)^$A6 -> 0.06748465 | O6: =$D6*(1-Scenarios!$E$5)^$A6 -> 0.073286566 | P6: =$J$2*L6*Model!$J$2 -> 0.25045276 | Q6: =$J$2*M6*Model!$J$3 -> 0.70170311 | R6: =$J$2*N6*Model!$J$4 -> 1.364961 | S6: =$J$2*O6*Model!$J$5 -> 0.97216562 | U6: =$J$2*$D6*(1-2*Scenarios!$E$2)^$A6*Model!$J$2 -> 0.25045276 | V6: =$J$2*$D6*(1-2*Scenarios!$E$3)^$A6*Model!$J$3 -> 0.67377815 | W6: =$J$2*$D6*(1-2*Scenarios!$E$4)^$A6*Model!$J$4 -> 1.151295 | X6: =$J$2*$D6*(1-2*Scenarios!$E$5)^$A6*Model!$J$5 -> 0.89520168
A7: 5 | B7: 3008 | C7: 210 | D7: =C7/B7 -> 0.06981383 | E7: =$J$2*$D7*Model!$J$2 -> 0.22006309 | F7: =$J$2*$D7*Model!$J$3 -> 0.64185069 | G7: =$J$2*$D7*Model!$J$4 -> 1.4120715 | H7: =$J$2*$D7*Model!$J$5 -> 0.92609886 | L7: =$D7*(1-Scenarios!$E$2)^$A7 -> 0.06981383 | M7: =$D7*(1-Scenarios!$E$3)^$A7 -> 0.066392257 | N7: =$D7*(1-Scenarios!$E$4)^$A7 -> 0.056924291 | O7: =$D7*(1-Scenarios!$E$5)^$A7 -> 0.063106173 | P7: =$J$2*L7*Model!$J$2 -> 0.22006309 | Q7: =$J$2*M7*Model!$J$3 -> 0.61039362 | R7: =$J$2*N7*Model!$J$4 -> 1.1513646 | S7: =$J$2*O7*Model!$J$5 -> 0.83712002 | U7: =$J$2*$D7*(1-2*Scenarios!$E$2)^$A7*Model!$J$2 -> 0.22006309 | V7: =$J$2*$D7*(1-2*Scenarios!$E$3)^$A7*Model!$J$3 -> 0.58018219 | W7: =$J$2*$D7*(1-2*Scenarios!$E$4)^$A7*Model!$J$4 -> 0.93067025 | X7: =$J$2*$D7*(1-2*Scenarios!$E$5)^$A7*Model!$J$5 -> 0.75511572
A8: 6 | B8: 3008 | C8: 193 | D8: =C8/B8 -> 0.064162234 | E8: =$J$2*$D8*Model!$J$2 -> 0.20224846 | F8: =$J$2*$D8*Model!$J$3 -> 0.58989135 | G8: =$J$2*$D8*Model!$J$4 -> 1.297761 | H8: =$J$2*$D8*Model!$J$5 -> 0.85112895 | L8: =$D8*(1-Scenarios!$E$2)^$A8 -> 0.064162234 | M8: =$D8*(1-Scenarios!$E$3)^$A8 -> 0.06040747 | N8: =$D8*(1-Scenarios!$E$4)^$A8 -> 0.050223489 | O8: =$D8*(1-Scenarios!$E$5)^$A8 -> 0.056837626 | P8: =$J$2*L8*Model!$J$2 -> 0.20224846 | Q8: =$J$2*M8*Model!$J$3 -> 0.555371 | R8: =$J$2*N8*Model!$J$4 -> 1.0158325 | S8: =$J$2*O8*Model!$J$5 -> 0.7539661 | U8: =$J$2*$D8*(1-2*Scenarios!$E$2)^$A8*Model!$J$2 -> 0.20224846 | V8: =$J$2*$D8*(1-2*Scenarios!$E$3)^$A8*Model!$J$3 -> 0.52255076 | W8: =$J$2*$D8*(1-2*Scenarios!$E$4)^$A8*Model!$J$4 -> 0.78690386 | X8: =$J$2*$D8*(1-2*Scenarios!$E$5)^$A8*Model!$J$5 -> 0.66622782
A9: 7 | B9: 3008 | C9: 177 | D9: =C9/B9 -> 0.058843085 | E9: =$J$2*$D9*Model!$J$2 -> 0.18548175 | F9: =$J$2*$D9*Model!$J$3 -> 0.54098844 | G9: =$J$2*$D9*Model!$J$4 -> 1.1901746 | H9: =$J$2*$D9*Model!$J$5 -> 0.78056904 | L9: =$D9*(1-Scenarios!$E$2)^$A9 -> 0.058843085 | M9: =$D9*(1-Scenarios!$E$3)^$A9 -> 0.054845601 | N9: =$D9*(1-Scenarios!$E$4)^$A9 -> 0.044217488 | O9: =$D9*(1-Scenarios!$E$5)^$A9 -> 0.051083185 | P9: =$J$2*L9*Model!$J$2 -> 0.18548175 | Q9: =$J$2*M9*Model!$J$3 -> 0.50423658 | R9: =$J$2*N9*Model!$J$4 -> 0.89435368 | S9: =$J$2*O9*Model!$J$5 -> 0.67763191 | U9: =$J$2*$D9*(1-2*Scenarios!$E$2)^$A9*Model!$J$2 -> 0.18548175 | V9: =$J$2*$D9*(1-2*Scenarios!$E$3)^$A9*Model!$J$3 -> 0.46964588 | W9: =$J$2*$D9*(1-2*Scenarios!$E$4)^$A9*Model!$J$4 -> 0.66393484 | X9: =$J$2*$D9*(1-2*Scenarios!$E$5)^$A9*Model!$J$5 -> 0.58655663
A10: 8 | B10: 3008 | C10: 161 | D10: =C10/B10 -> 0.053523936 | E10: =$J$2*$D10*Model!$J$2 -> 0.16871504 | F10: =$J$2*$D10*Model!$J$3 -> 0.49208553 | G10: =$J$2*$D10*Model!$J$4 -> 1.0825882 | H10: =$J$2*$D10*Model!$J$5 -> 0.71000912 | L10: =$D10*(1-Scenarios!$E$2)^$A10 -> 0.053523936 | M10: =$D10*(1-Scenarios!$E$3)^$A10 -> 0.049388928 | N10: =$D10*(1-Scenarios!$E$4)^$A10 -> 0.03861161 | O10: =$D10*(1-Scenarios!$E$5)^$A10 -> 0.045536186 | P10: =$J$2*L10*Model!$J$2 -> 0.16871504 | Q10: =$J$2*M10*Model!$J$3 -> 0.45406931 | R10: =$J$2*N10*Model!$J$4 -> 0.78096782 | S10: =$J$2*O10*Model!$J$5 -> 0.60404951 | U10: =$J$2*$D10*(1-2*Scenarios!$E$2)^$A10*Model!$J$2 -> 0.16871504 | V10: =$J$2*$D10*(1-2*Scenarios!$E$3)^$A10*Model!$J$3 -> 0.41864817 | W10: =$J$2*$D10*(1-2*Scenarios!$E$4)^$A10*Model!$J$4 -> 0.55560468 | X10: =$J$2*$D10*(1-2*Scenarios!$E$5)^$A10*Model!$J$5 -> 0.51219318
A11: 9 | B11: 3008 | C11: 143 | D11: =C11/B11 -> 0.047539894 | E11: =$J$2*$D11*Model!$J$2 -> 0.14985249 | F11: =$J$2*$D11*Model!$J$3 -> 0.43706976 | G11: =$J$2*$D11*Model!$J$4 -> 0.96155347 | H11: =$J$2*$D11*Model!$J$5 -> 0.63062922 | L11: =$D11*(1-Scenarios!$E$2)^$A11 -> 0.047539894 | M11: =$D11*(1-Scenarios!$E$3)^$A11 -> 0.043428513 | N11: =$D11*(1-Scenarios!$E$4)^$A11 -> 0.032922992 | O11: =$D11*(1-Scenarios!$E$5)^$A11 -> 0.03963628 | P11: =$J$2*L11*Model!$J$2 -> 0.14985249 | Q11: =$J$2*M11*Model!$J$3 -> 0.39927076 | R11: =$J$2*N11*Model!$J$4 -> 0.66590846 | S11: =$J$2*O11*Model!$J$5 -> 0.5257857 | U11: =$J$2*$D11*(1-2*Scenarios!$E$2)^$A11*Model!$J$2 -> 0.14985249 | V11: =$J$2*$D11*(1-2*Scenarios!$E$3)^$A11*Model!$J$3 -> 0.36440593 | W11: =$J$2*$D11*(1-2*Scenarios!$E$4)^$A11*Model!$J$4 -> 0.4540084 | X11: =$J$2*$D11*(1-2*Scenarios!$E$5)^$A11*Model!$J$5 -> 0.43673217
A12: 10 | B12: 3008 | C12: 143 | D12: =C12/B12 -> 0.047539894 | E12: =$J$2*$D12*Model!$J$2 -> 0.14985249 | F12: =$J$2*$D12*Model!$J$3 -> 0.43706976 | G12: =$J$2*$D12*Model!$J$4 -> 0.96155347 | H12: =$J$2*$D12*Model!$J$5 -> 0.63062922 | L12: =$D12*(1-Scenarios!$E$2)^$A12 -> 0.047539894 | M12: =$D12*(1-Scenarios!$E$3)^$A12 -> 0.042994228 | N12: =$D12*(1-Scenarios!$E$4)^$A12 -> 0.031606073 | O12: =$D12*(1-Scenarios!$E$5)^$A12 -> 0.038843554 | P12: =$J$2*L12*Model!$J$2 -> 0.14985249 | Q12: =$J$2*M12*Model!$J$3 -> 0.39527805 | R12: =$J$2*N12*Model!$J$4 -> 0.63927213 | S12: =$J$2*O12*Model!$J$5 -> 0.51526999 | U12: =$J$2*$D12*(1-2*Scenarios!$E$2)^$A12*Model!$J$2 -> 0.14985249 | V12: =$J$2*$D12*(1-2*Scenarios!$E$3)^$A12*Model!$J$3 -> 0.35711781 | W12: =$J$2*$D12*(1-2*Scenarios!$E$4)^$A12*Model!$J$4 -> 0.41768772 | X12: =$J$2*$D12*(1-2*Scenarios!$E$5)^$A12*Model!$J$5 -> 0.41926289
A13: 11 | B13: 3008 | C13: 103 | D13: =C13/B13 -> 0.034242021 | E13: =$J$2*$D13*Model!$J$2 -> 0.10793571 | F13: =$J$2*$D13*Model!$J$3 -> 0.31481248 | G13: =$J$2*$D13*Model!$J$4 -> 0.69258746 | H13: =$J$2*$D13*Model!$J$5 -> 0.45422944 | L13: =$D13*(1-Scenarios!$E$2)^$A13 -> 0.034242021 | M13: =$D13*(1-Scenarios!$E$3)^$A13 -> 0.030658192 | N13: =$D13*(1-Scenarios!$E$4)^$A13 -> 0.021854605 | O13: =$D13*(1-Scenarios!$E$5)^$A13 -> 0.02741866 | P13: =$J$2*L13*Model!$J$2 -> 0.10793571 | Q13: =$J$2*M13*Model!$J$3 -> 0.28186366 | R13: =$J$2*N13*Model!$J$4 -> 0.44203656 | S13: =$J$2*O13*Model!$J$5 -> 0.36371575 | U13: =$J$2*$D13*(1-2*Scenarios!$E$2)^$A13*Model!$J$2 -> 0.10793571 | V13: =$J$2*$D13*(1-2*Scenarios!$E$3)^$A13*Model!$J$3 -> 0.25208022 | W13: =$J$2*$D13*(1-2*Scenarios!$E$4)^$A13*Model!$J$4 -> 0.27678384 | X13: =$J$2*$D13*(1-2*Scenarios!$E$5)^$A13*Model!$J$5 -> 0.28990709
A14: 12 | B14: 3008 | C14: 131 | D14: =C14/B14 -> 0.043550532 | E14: =$J$2*$D14*Model!$J$2 -> 0.13727745 | F14: =$J$2*$D14*Model!$J$3 -> 0.40039258 | G14: =$J$2*$D14*Model!$J$4 -> 0.88086367 | H14: =$J$2*$D14*Model!$J$5 -> 0.57770929 | L14: =$D14*(1-Scenarios!$E$2)^$A14 -> 0.043550532 | M14: =$D14*(1-Scenarios!$E$3)^$A14 -> 0.038602533 | N14: =$D14*(1-Scenarios!$E$4)^$A14 -> 0.026683836 | O14: =$D14*(1-Scenarios!$E$5)^$A14 -> 0.034174831 | P14: =$J$2*L14*Model!$J$2 -> 0.13727745 | Q14: =$J$2*M14*Model!$J$3 -> 0.35490192 | R14: =$J$2*N14*Model!$J$4 -> 0.53971376 | S14: =$J$2*O14*Model!$J$5 -> 0.45333814 | U14: =$J$2*$D14*(1-2*Scenarios!$E$2)^$A14*Model!$J$2 -> 0.13727745 | V14: =$J$2*$D14*(1-2*Scenarios!$E$3)^$A14*Model!$J$3 -> 0.31419475 | W14: =$J$2*$D14*(1-2*Scenarios!$E$4)^$A14*Model!$J$4 -> 0.32386396 | X14: =$J$2*$D14*(1-2*Scenarios!$E$5)^$A14*Model!$J$5 -> 0.35396812
... A31: 29 | B31: 3008 | C31: 56 | D31: =C31/B31 -> 0.018617021 | E31: =$J$2*$D31*Model!$J$2 -> 0.058683492 | F31: =$J$2*$D31*Model!$J$3 -> 0.17116018 | G31: =$J$2*$D31*Model!$J$4 -> 0.37655241 | H31: =$J$2*$D31*Model!$J$5 -> 0.2469597 | L31: =$D31*(1-Scenarios!$E$2)^$A31 -> 0.018617021 | M31: =$D31*(1-Scenarios!$E$3)^$A31 -> 0.013910119 | N31: =$D31*(1-Scenarios!$E$4)^$A31 -> 0.0056987021 | O31: =$D31*(1-Scenarios!$E$5)^$A31 -> 0.010362544 | P31: =$J$2*L31*Model!$J$2 -> 0.058683492 | Q31: =$J$2*M31*Model!$J$3 -> 0.12788611 | R31: =$J$2*N31*Model!$J$4 -> 0.11526334 | S31: =$J$2*O31*Model!$J$5 -> 0.13746188 | U31: =$J$2*$D31*(1-2*Scenarios!$E$2)^$A31*Model!$J$2 -> 0.058683492 | V31: =$J$2*$D31*(1-2*Scenarios!$E$3)^$A31*Model!$J$3 -> 0.095270609 | W31: =$J$2*$D31*(1-2*Scenarios!$E$4)^$A31*Model!$J$4 -> 0.033548447 | X31: =$J$2*$D31*(1-2*Scenarios!$E$5)^$A31*Model!$J$5 -> 0.075594785
D32: Tổng doanh thu | E32: =SUM(E2:E31) -> 7.6623874 | F32: =SUM(F2:F31) -> 22.34863 | G32: =SUM(G2:G31) -> 49.166986 | H32: =SUM(H2:H31) -> 32.24588 | O32: Tổng sau điều chỉnh | P32: =SUM(P2:P31) -> 7.6623874 | Q32: =SUM(Q2:Q31) -> 21.175856 | R32: =SUM(R2:R31) -> 40.779555 | S32: =SUM(S2:S31) -> 29.097867 | U32: =SUM(U2:U31) -> 7.6623874 | V32: =SUM(V2:V31) -> 20.166838 | W32: =SUM(W2:W31) -> 35.907351 | X32: =SUM(X2:X31) -> 26.745033
A34: Doanh thu mô phỏng trên 1.000 người dùng mới. Dùng đường hoạt động quan sát từ 3.008 mã có first_open và đủ cửa sổ D0–D29. Giả định ARPDAU không đổi theo ngày tuổi và đường hoạt động giống nhau giữa các kịch bản. Chưa tính tác động quảng cáo đến retention. | L34: Đường hoạt động điều chỉnh là giả định: tỷ lệ cơ sở × (1 − mức giảm)^ngày tuổi. Giữ nguyên D0 và ARPDAU từng kịch bản. Chưa mô phỏng tác động quảng cáo đến số phiên hoặc hành vi trong ngày.

Sheet Sensitivity
A1: Điều kiện | B1: Hệ số eCPM | C1: Fill rate | D1: Show rate | E1: A - Baseline | F1: B - Light | G1: C - Aggressive | H1: D - Mixed
A2: Cơ sở | B2: 1 | C2: =Assumptions!$B$6 -> 0.9 | D2: =Assumptions!$B$7 -> 0.95 | E2: =Model!$I$2*$B2*$C2/Assumptions!$B$6*$D2/Assumptions!$B$7 -> 1.59291 | F2: =Model!$I$3*$B2*$C2/Assumptions!$B$6*$D2/Assumptions!$B$7 -> 4.6459875 | G2: =Model!$I$4*$B2*$C2/Assumptions!$B$6*$D2/Assumptions!$B$7 -> 10.221172 | H2: =Model!$I$5*$B2*$C2/Assumptions!$B$6*$D2/Assumptions!$B$7 -> 6.7034962
A3: eCPM giảm 30% | B3: 0.7 | C3: =Assumptions!$B$6 -> 0.9 | D3: =Assumptions!$B$7 -> 0.95 | E3: =Model!$I$2*$B3*$C3/Assumptions!$B$6*$D3/Assumptions!$B$7 -> 1.115037 | F3: =Model!$I$3*$B3*$C3/Assumptions!$B$6*$D3/Assumptions!$B$7 -> 3.2521913 | G3: =Model!$I$4*$B3*$C3/Assumptions!$B$6*$D3/Assumptions!$B$7 -> 7.1548207 | H3: =Model!$I$5*$B3*$C3/Assumptions!$B$6*$D3/Assumptions!$B$7 -> 4.6924474
A4: Fill rate còn 70% | B4: 1 | C4: 0.7 | D4: =Assumptions!$B$7 -> 0.95 | E4: =Model!$I$2*$B4*$C4/Assumptions!$B$6*$D4/Assumptions!$B$7 -> 1.23893 | F4: =Model!$I$3*$B4*$C4/Assumptions!$B$6*$D4/Assumptions!$B$7 -> 3.6135458 | G4: =Model!$I$4*$B4*$C4/Assumptions!$B$6*$D4/Assumptions!$B$7 -> 7.9498008 | H4: =Model!$I$5*$B4*$C4/Assumptions!$B$6*$D4/Assumptions!$B$7 -> 5.2138304
A5: Show rate còn 80% | B5: 1 | C5: =Assumptions!$B$6 -> 0.9 | D5: 0.8 | E5: =Model!$I$2*$B5*$C5/Assumptions!$B$6*$D5/Assumptions!$B$7 -> 1.3413979 | F5: =Model!$I$3*$B5*$C5/Assumptions!$B$6*$D5/Assumptions!$B$7 -> 3.9124105 | G5: =Model!$I$4*$B5*$C5/Assumptions!$B$6*$D5/Assumptions!$B$7 -> 8.6073032 | H5: =Model!$I$5*$B5*$C5/Assumptions!$B$6*$D5/Assumptions!$B$7 -> 5.6450495
A7: Đơn vị kết quả: USD/ngày. Mỗi dòng thay đổi một yếu tố và giữ nguyên DAU, số phiên, tần suất yêu cầu quảng cáo. Hệ số eCPM áp dụng đồng thời cho cả hai loại quảng cáo. Chưa tính tác động đến retention.
A10: Kịch bản | B10: Doanh thu cơ sở 30D USD | C10: Doanh thu điều chỉnh 30D USD | D10: Mức giảm USD | E10: Tỷ lệ giảm
A11: =Scenarios!A2 -> A - Baseline | B11: =Retention!E32 -> 7.6623874 | C11: =Retention!P32 -> 7.6623874 | D11: =B11-C11 -> 0 | E11: =D11/B11 -> 0
A12: =Scenarios!A3 -> B - Light | B12: =Retention!F32 -> 22.34863 | C12: =Retention!Q32 -> 21.175856 | D12: =B12-C12 -> 1.1727734 | E12: =D12/B12 -> 0.0524763
A13: =Scenarios!A4 -> C - Aggressive | B13: =Retention!G32 -> 49.166986 | C13: =Retention!R32 -> 40.779555 | D13: =B13-C13 -> 8.3874307 | E13: =D13/B13 -> 0.1705907
A14: =Scenarios!A5 -> D - Mixed | B14: =Retention!H32 -> 32.24588 | C14: =Retention!S32 -> 29.097867 | D14: =B14-C14 -> 3.1480132 | E14: =D14/B14 -> 0.097625285
A16: Doanh thu mô phỏng D0–D29 trên 1.000 người dùng mới. Kết quả phụ thuộc vào giả định eCPM, tần suất quảng cáo và mức giảm hoạt động; không phải kết quả A/B testing thực tế.
A19: Tác động đến hoạt động | B19: A - Baseline | C19: B - Light | D19: C - Aggressive | E19: D - Mixed
A20: Không điều chỉnh | B20: =Retention!E32 -> 7.6623874 | C20: =Retention!F32 -> 22.34863 | D20: =Retention!G32 -> 49.166986 | E20: =Retention!H32 -> 32.24588
A21: Mức giả định ban đầu | B21: =Retention!P32 -> 7.6623874 | C21: =Retention!Q32 -> 21.175856 | D21: =Retention!R32 -> 40.779555 | E21: =Retention!S32 -> 29.097867
A22: Mức giảm mạnh gấp đôi | B22: =Retention!U32 -> 7.6623874 | C22: =Retention!V32 -> 20.166838 | D22: =Retention!W32 -> 35.907351 | E22: =Retention!X32 -> 26.745033
A24: Đơn vị: USD trên 1.000 người dùng mới trong D0–D29. Phép thử x2 nhân đôi mức giảm tương đối mỗi ngày tuổi; giữ nguyên ARPDAU và các đầu vào quảng cáo.
G26: Với các giả định đã chọn, kịch bản C có doanh thu mô phỏng cao nhất ở cả ba mức tác động. Khi mức giảm hoạt động tăng gấp đôi, doanh thu C giảm từ 49,17 xuống 35,91 USD trên 1.000 người dùng mới. Kết quả chưa đủ để khuyến nghị triển khai nếu chưa có thử nghiệm thực tế.

Sheet Dashboard_Ads
A1: scenario | B1: daily_revenue_usd | C1: ad_arpdau_usd | D1: revenue_30d_base_usd | E1: revenue_30d_adjusted_usd | F1: revenue_30d_impact_x2_usd
A2: =Scenarios!A2 -> A - Baseline | B2: =Model!I2 -> 1.59291 | C2: =Model!J2 -> 0.0031521419 | D2: =Retention!E32 -> 7.6623874 | E2: =Retention!P32 -> 7.6623874 | F2: =Retention!U32 -> 7.6623874
A3: =Scenarios!A3 -> B - Light | B3: =Model!I3 -> 4.6459875 | C3: =Model!J3 -> 0.0091937471 | D3: =Retention!F32 -> 22.34863 | E3: =Retention!Q32 -> 21.175856 | F3: =Retention!V32 -> 20.166838
A4: =Scenarios!A4 -> C - Aggressive | B4: =Model!I4 -> 10.221172 | C4: =Model!J4 -> 0.020226244 | D4: =Retention!G32 -> 49.166986 | E4: =Retention!R32 -> 40.779555 | F4: =Retention!W32 -> 35.907351
A5: =Scenarios!A5 -> D - Mixed | B5: =Model!I5 -> 6.7034962 | C5: =Model!J5 -> 0.013265264 | D5: =Retention!H32 -> 32.24588 | E5: =Retention!S32 -> 29.097867 | F5: =Retention!X32 -> 26.745033
